{"website": "Dr. Michael Hinckley, MD | West Jordan, UT | Healthgrades", "post_site_url": "www.healthgrades.com", "biz_logo_link": "", "biz_favicon": "https://d1ffafozi03i4l.cloudfront.net/public3/images/logo-blue-favicon-32.png", "post_review_link": "https://www.healthgrades.com/physician/dr-michael-hinckley-3mmkm", "reviews": [{"name": "", "date": "May 22, 2020", "avatar": "", "rating": "4.5", "title": "", "description": "Very good", "source": ""}, {"name": "", "date": "May 15, 2020", "avatar": "", "rating": "5", "title": "", "description": "The best one!", "source": ""}, {"name": "", "date": "May 15, 2020", "avatar": "", "rating": "5", "title": "", "description": "Perfect! Dr. Hinckley is among the best.", "source": ""}, {"name": "Betty Salamanikas", "date": "Apr 03, 2020", "avatar": "", "rating": "5", "title": "", "description": "Dr Hinckley has treated me for skin cancer. He is very excellent and skilled doctor. Like him very much.", "source": ""}, {"name": "", "date": "Mar 26, 2020", "avatar": "", "rating": "5", "title": "", "description": "Good doctor and service.  Good personality and demeanor.", "source": ""}, {"name": "Carol Koller", "date": "Mar 26, 2020", "avatar": "", "rating": "5", "title": "", "description": "I love going to Dr Hinckley for my dermatology needs! He\u2019s so personable and so friendly, it\u2019s like being with a lifelong friend! He explains everything completely and has a fun sense of humor! He\u2019s so skilled and knowledgeable in his profession and I trust him completely! I\u2019m so grateful to have him for my dermatologist!", "source": ""}, {"name": "", "date": "Mar 18, 2020", "avatar": "", "rating": "5", "title": "", "description": "Always had a great time and great experience. Helped us with all our issues. We are pleased", "source": ""}, {"name": "", "date": "Mar 05, 2020", "avatar": "", "rating": "5", "title": "", "description": "I\u2019ve been a patient of Dr. Hinckley for over seven years. He\u2019s friendly, professional and very skilled. I highly recommend him as a dermatologist.", "source": ""}, {"name": "Larry", "date": "Feb 12, 2020", "avatar": "", "rating": "5", "title": "", "description": "Very well run office and good experience with the surgery. I recommend this office to anyone needed dermatologist treatment.", "source": ""}, {"name": "Karen", "date": "Feb 11, 2020", "avatar": "", "rating": "5", "title": "", "description": "Dr Hinckley and his staff are amazing, they always take me back within minutes and sre so proficient with all they do.  Erika, the amazing nurse is so easy to talk to. She answered all of my questions and helped me feel calm and comfortable with the upcoming procedures. .", "source": ""}, {"name": "Gerald Bellon", "date": "Feb 08, 2020", "avatar": "", "rating": "5", "title": "", "description": "A aver good experience.  No waiting and a very friendly staff.  The home made cookie was great.", "source": ""}, {"name": "Laura", "date": "Jan 30, 2020", "avatar": "", "rating": "5", "title": "", "description": "As always my visit was perfect. When my previous dermatologist retired it made me nervous because how could I find someone as great as my previous dermatologist? Well, lucky me!!!! I found Dr. Hinckley. I have met with him 5 times now, and my husband has met with him once. Neither one of us have any complaints at all! I HIGHLY recommend Dr. Hinckley!", "source": ""}, {"name": "Jim and Sue Evans", "date": "Jan 24, 2020", "avatar": "", "rating": "5", "title": "", "description": "He is very professional and personable we would recommend him to others", "source": ""}, {"name": "", "date": "Jan 19, 2020", "avatar": "", "rating": "5", "title": "", "description": "Very pleasant", "source": ""}, {"name": "Rett Christensen", "date": "Jan 17, 2020", "avatar": "", "rating": "1", "title": "", "description": "Saw Dr. Hinckley for the first time...1st time check in was quick, simple, and I didn't wait more than 5 minutes. Age spots and pre cancer lesions were clearly discussed with options, and treatments applied. I was able to make informed decisions and Dr. Hinckley quickly took care of the chosen path....very, very happy with the outcome.", "source": ""}, {"name": "Aaron Acosta", "date": "Jan 15, 2020", "avatar": "", "rating": "5", "title": "", "description": "He's excellent doctor he take care of me and thanks to him I'm save of cancer", "source": ""}, {"name": "", "date": "Jan 10, 2020", "avatar": "", "rating": "5", "title": "", "description": "Didn't wait long to see Dr Hinkley although he had full schedule that day; very friendly and gave good adv. for me to decide if I really want to do the non-urgent procedures.", "source": ""}, {"name": "", "date": "Jan 01, 2020", "avatar": "", "rating": "5", "title": "", "description": "Professional", "source": ""}, {"name": "Bruce Craft", "date": "Dec 31, 2019", "avatar": "", "rating": "5", "title": "", "description": "Everyone was friendly and attentive.", "source": ""}, {"name": "Gary North", "date": "Dec 20, 2019", "avatar": "", "rating": "5", "title": "", "description": "In a follow up visit to a successful cancer removal surgery Dr. Hinckley told me that he\u2019d be happy to minimize the scar for no charge. I\u2019m Extremely happy with the care provided by him and his staff!", "source": ""}]}