{"website": "Dr. Alicia Harbison, DO, Pantego, TX | Family Physician", "post_site_url": "www.zocdoc.com", "biz_logo_link": " ", "biz_favicon": "https://www.zocdoc.com/favicon.ico", "post_review_link": "https://www.zocdoc.com/doctor/alicia-harbison-do-292745?LocIdent=125932", "reviews": [{"name": "Gloria P.", "date": "December 1, 2020", "avatar": "", "rating": "5", "title": "", "description": "I had technical difficulty with my video cam but she called me and still had the appointment which was very convenient.", "source": ""}, {"name": "Todd N.", "date": "Less than 6 months ago", "avatar": "", "rating": "5", "title": "", "description": "Paragon of providers. She is prompt, attentive, responsive, respectful, warm and professional. I highly recommend.", "source": ""}, {"name": "Catherine S.", "date": "May 29, 2020", "avatar": "", "rating": "4.5", "title": "", "description": "I did a virtual appointment with Dr. Harbison and it was great. I managed to get my medications prescribed and refilled :)", "source": ""}, {"name": "Victoria W.", "date": "August 7, 2020", "avatar": "", "rating": "5", "title": "", "description": "My first video visit with Dr Harrison was great. She took time to listen and ask questions. Great first impression!", "source": ""}, {"name": "Tayna G.", "date": "January 19, 2021", "avatar": "", "rating": "5", "title": "", "description": "The doctor is very friendly. I felt instantly comfortable in sharing my problems and concern.", "source": ""}, {"name": "Alison M.", "date": "March 16, 2020", "avatar": "", "rating": "5", "title": "", "description": "Very pleased with service doctor is very knowledgeable and  answered all my question without rushing me out the office.", "source": ""}, {"name": "Amanda Y.", "date": "January 14, 2020", "avatar": "", "rating": "5", "title": "", "description": "She is absolutely amazing! Very professional, funny and knowledge. Very thorough with her appointments. Love her energy.", "source": ""}, {"name": "Kamisha A.", "date": "November 30, 2020", "avatar": "", "rating": "5", "title": "", "description": "It would have been fine if I didn't have to pay to see the doctor and I have insurance", "source": ""}, {"name": "MM", "date": "More than 1 year ago", "avatar": "", "rating": "5", "title": "", "description": "Dr. Harbison was amazing! She listened with empathy and was extremely thorough. I am ecstatic about my new doctor!", "source": ""}, {"name": "Blaine J.", "date": "February 5, 2020", "avatar": "", "rating": "5", "title": "", "description": "Dr. Alicia was very nice, helped me feel at ease and addressed of my concerns and even helped me with a referral", "source": ""}, {"name": "Stacy F.", "date": "Less than 1 year ago", "avatar": "", "rating": "5", "title": "", "description": "I was very pleased with Dr Harbison.She took her time and listened to me without rushing.. very nice  person.", "source": ""}, {"name": "Vanessa P.", "date": "January 21, 2021", "avatar": "", "rating": "3", "title": "", "description": "She was extremely patient and answered all the questions i had. Very kind!", "source": ""}, {"name": "Lixin A.", "date": "December 16, 2020", "avatar": "", "rating": "5", "title": "", "description": "Dr. Harbison is a detail oriented and a very nice person to visit as a doctor.", "source": ""}, {"name": "Anessa R.", "date": "December 22, 2020", "avatar": "", "rating": "5", "title": "", "description": "She was very kind and professional! Made me feel comfortable during my visit.", "source": ""}, {"name": "Skylar S.", "date": "July 23, 2020", "avatar": "", "rating": "5", "title": "", "description": "Awesome doctor! Made me feel very comfortable and actually cares about what is wrong with me.", "source": ""}, {"name": "Bobbie Jo B.", "date": "September 8, 2020", "avatar": "", "rating": "5", "title": "", "description": "Dr. Harbison was personal and very professional!! She answered all questions and more!!!", "source": ""}, {"name": "Trina M.", "date": "May 13, 2020", "avatar": "", "rating": "5", "title": "", "description": "She was very blunt and nice. She made me very comfortable and I look forward to seeing her again.", "source": ""}, {"name": "Tam H.", "date": "June 2, 2020", "avatar": "", "rating": "5", "title": "", "description": "Very professional and pleasant. She made me feel very comfortable. Would recommend to everyone.", "source": ""}, {"name": "Elaina D.", "date": "June 24, 2020", "avatar": "", "rating": "5", "title": "", "description": "Listened to my issues as a friend and a doctor! Got me what I needed quickly and efficiently!", "source": ""}, {"name": "Initials hidden", "date": "June 3, 2020", "avatar": "", "rating": "5", "title": "", "description": "She is very passionate about what she does! Supper informative! She made me feel comfortable.", "source": ""}, {"name": "Sebastian H.", "date": "December 4, 2020", "avatar": "", "rating": "5", "title": "", "description": "She was very clear with all the answer and friendly! Love to see her agin.", "source": ""}, {"name": "Lisa H.", "date": "August 28, 2020", "avatar": "", "rating": "5", "title": "", "description": "Very good! She made me feel comfortable and  she reassured me every step of the way.", "source": ""}, {"name": "Initials hidden", "date": "Less than 1 year ago", "avatar": "", "rating": "5", "title": "", "description": "Do not recommend, say they take insurance but still require to pay for insurance cost up front.", "source": ""}, {"name": "Danny D.", "date": "August 21, 2020", "avatar": "", "rating": "5", "title": "", "description": "Personable, reasonable, listened to my concerns and considered them seriously.", "source": ""}, {"name": "Delisha C.", "date": "September 11, 2020", "avatar": "", "rating": "5", "title": "", "description": "She is very good at her job. Any anxiety you have she will put you at ease.", "source": ""}, {"name": "AC", "date": "More than 1 year ago", "avatar": "", "rating": "5", "title": "", "description": "Dr. Harbison is very friendly and polite to all her patients, and does her best for each patient.", "source": ""}, {"name": "Virginia B.", "date": "December 4, 2020", "avatar": "", "rating": "1", "title": "", "description": "Very professional. I felt listened to and I was very impressed.", "source": ""}, {"name": "Leslie T.", "date": "March 17, 2020", "avatar": "", "rating": "5", "title": "", "description": "Great, she makes you very comfortable right away and provides lots of good information.", "source": ""}, {"name": "Initials hidden", "date": "January 18, 2021", "avatar": "", "rating": "5", "title": "", "description": "Great doctor, made for a very nice visit -- thank you!", "source": ""}, {"name": "Todd N.", "date": "Less than 1 year ago", "avatar": "", "rating": "5", "title": "", "description": "Exceptional. Engaged, warm, professional provider, whom I highly recommend.", "source": ""}, {"name": "Brittany E.", "date": "April 28, 2020", "avatar": "", "rating": "5", "title": "", "description": "She was super helpful and sweet. I will definitely see her again in the future.", "source": ""}, {"name": "Initials hidden", "date": "June 28, 2020", "avatar": "", "rating": "5", "title": "", "description": "She has a sense of humor. Funny. I appreciate that the older I get.", "source": ""}, {"name": "Sen S.", "date": "August 28, 2020", "avatar": "", "rating": "5", "title": "", "description": "Extremely nice, personable, smart, helpful and professional.", "source": ""}, {"name": "Amanda Y.", "date": "March 13, 2020", "avatar": "", "rating": "5", "title": "", "description": "She is always so amazing! I love going to see her and her wonderful staff.", "source": ""}, {"name": "Curtis B.", "date": "December 11, 2019", "avatar": "", "rating": "5", "title": "", "description": "She is extremely intensive and does not watch the clock like all other doctors", "source": ""}, {"name": "Initials hidden", "date": "Less than 1 year ago", "avatar": "", "rating": "5", "title": "", "description": "I found the doctor to be very proficient in her way of visit", "source": ""}, {"name": "Heather C.", "date": "Less than 6 months ago", "avatar": "", "rating": "5", "title": "", "description": "She\u2019s extremely personable and pleasant to talk to.", "source": ""}, {"name": "OZ", "date": "More than 1 year ago", "avatar": "", "rating": "5", "title": "", "description": "Fast and good. The Dr. was goofy but she helped me with what I came in for.", "source": ""}, {"name": "Shawna M.", "date": "January 31, 2020", "avatar": "", "rating": "5", "title": "", "description": "First time seeing her. She was awesome I would definitely recommend .", "source": ""}, {"name": "Florenica N.", "date": "January 17, 2020", "avatar": "", "rating": "5", "title": "", "description": "I absolutely love this doctor. Even tho she\u2019s a 30 minute drive away!", "source": ""}, {"name": "Amanda F.", "date": "Less than 1 year ago", "avatar": "", "rating": "5", "title": "", "description": "She's really awesome!.. she made me feel comfortable.", "source": ""}, {"name": "Kevin B.", "date": "March 11, 2020", "avatar": "", "rating": "5", "title": "", "description": "Good doctor she actually listens to you. Fast no wait time.", "source": ""}, {"name": "Initials hidden", "date": "More than 1 year ago", "avatar": "", "rating": "5", "title": "", "description": "She is very nice and I\u2019m glad to have found a PCP who cares.", "source": ""}, {"name": "Shanita P.", "date": "January 25, 2021", "avatar": "", "rating": "5", "title": "", "description": "Visit went well.", "source": ""}, {"name": "Frankie O.", "date": "January 20, 2021", "avatar": "", "rating": "5", "title": "", "description": "There was a 45 minute wait to see the Dr even with  no one else wairing.  However, this was not the Drs fault.  Office staff was trying to verify coverage and the insurance company put them on hold and  never came. back.  Once we got around them everything went smoothly.  She tried to save me as much money as possible, which is a big plus in my book.", "source": ""}, {"name": "Martin G.", "date": "January 15, 2021", "avatar": "", "rating": "5", "title": "", "description": "Dr Harbison is fantastic! She helped out with everything I needed today. My only issue was that is was a bit of a wait but the care more than made up for it!", "source": ""}, {"name": "Heather E.", "date": "Less than 1 month ago", "avatar": "", "rating": "5", "title": "", "description": "The staff was wonderful and Dr Harbison was very sweet, kind, helpful, a great listener and I would highly recommend to my friends!!", "source": ""}, {"name": "James R.", "date": "January 7, 2021", "avatar": "", "rating": "5", "title": "", "description": "The most unhelpful and unkind experience in some time...and I am 60 years old. Your front girls only chat and joke with each other and tell me I need  to have a seat and try on my phone to find my insurance card number", "source": ""}, {"name": "Don E N.", "date": "January 5, 2021", "avatar": "", "rating": "5", "title": "", "description": "The visit was great! Alicia was extremely patient, helpful and explained everything.  She smiled and listened. I felt she genuinely cares about my well being. From now on she will be my personal care physician!", "source": ""}, {"name": "Zelda H.", "date": "December 27, 2020", "avatar": "", "rating": "5", "title": "", "description": "I would definitely recommend her, but the receptionist that attend this was very rude disrespectful, and canceled our appointment. She kept screaming at us. I really do not appreciate her attitude. The doctor herself is very nice she listens to you she is very professional and most of her staff is very respectful except for this one person. As soon as you call me and I picked up the phone she was screaming at me and I did not appreciate that at all. show more", "source": ""}]}